<?xml version="1.0" encoding="UTF-8"?>
<project-private xmlns="http://www.netbeans.org/ns/project-private/1">
    <editor-bookmarks xmlns="http://www.netbeans.org/ns/editor-bookmarks/2" lastBookmarkId="0"/>
    <open-files xmlns="http://www.netbeans.org/ns/projectui-open-files/2">
        <group>
            <file>file:/C:/Users/WPF95/Desktop/NEU/ENCP5100/Fall/assignment/homework_1/homework_1.2/src/Information/Credit_card.java</file>
            <file>file:/C:/Users/WPF95/Desktop/NEU/ENCP5100/Fall/assignment/homework_1/homework_1.2/src/Information/Person.java</file>
            <file>file:/C:/Users/WPF95/Desktop/NEU/ENCP5100/Fall/assignment/homework_1/homework_1.2/src/Interface/MainJFrame.java</file>
            <file>file:/C:/Users/WPF95/Desktop/NEU/ENCP5100/Fall/assignment/homework_1/homework_1.2/src/Interface/CreatePanel.java</file>
            <file>file:/C:/Users/WPF95/Desktop/NEU/ENCP5100/Fall/assignment/homework_1/homework_1.2/src/Information/Financial_Account.java</file>
            <file>file:/C:/Users/WPF95/Desktop/NEU/ENCP5100/Fall/assignment/homework_1/homework_1.2/src/Information/License_data.java</file>
            <file>file:/C:/Users/WPF95/Desktop/NEU/ENCP5100/Fall/assignment/homework_1/homework_1.2/src/Information/Address.java</file>
            <file>file:/C:/Users/WPF95/Desktop/NEU/ENCP5100/Fall/assignment/homework_1/homework_1.2/src/Interface/ViewPanel.java</file>
        </group>
    </open-files>
</project-private>
